"sim_mean_loss","model_expected_loss","sim_vs_model_diff","sim_vs_observed_pct"
253820921.737203,252451336.973021,1369584.76418155,1.17414759129082e-16
