"metric","value"
"mean_loss",253820921.737203
"sd_loss",8562815.49805726
"VaR_95",268060092.826317
"VaR_99",274108775.655298
"TVaR_99",277122741.565078
"obs_total_loss",253820921.737203
"sim_minus_obs",2.98023223876953e-08
"model_expected",252451336.973021
"sim_minus_model",1369584.76418155
"tail_gap_99",23301819.827875
"current_risk_margin",12622566.8486511
"suggested_risk_load",0.0923022238949965
