"expected_value","variance","sd","var_95","var_99","tvar_99","var_995","var_999","category","horizon"
84323587209.8615,166213788118990304,407693252.481557,84992701898.9905,85265544329.4933,85382175197.1913,85357810812.343,85529394988.6037,"Costs","10-year"
-11813083185.6509,166213788118990272,407693252.481557,-11143968496.522,-10871126066.0191,-10754495198.3211,-10778859583.1695,-10607275406.9087,"Net Revenue","10-year"
109246216358.537,0,0,109246216358.537,109246216358.537,109246216358.537,109246216358.537,109246216358.537,"Returns","10-year"
