"expected_value","variance","sd","var_95","var_99","tvar_99","var_995","var_999","category","horizon"
65416798941.7062,101494944316417744,318582711.891932,65947597836.6028,66144332961.2426,66243486751.761,66221237074.7457,66365310358.4945,"Costs","10-year (PV)"
84751539703.2,0,0,84751539703.2,84751539703.2,84751539703.2,84751539703.2,84751539703.2,"Returns","10-year (PV)"
9164555997.1098,101494944316417792,318582711.891932,9691729041.49646,9919735386.97465,10017955144.8349,9981747757.76971,10161779308.2188,"Net Revenue","10-year (PV)"
