"expected_value","variance","sd","var_95","var_99","tvar_99","var_995","var_999","category","horizon"
28509289393.4813,35129996266659112,187429976.969158,28730557668.2347,28769208618.7236,28778871356.3458,28774039987.5347,28777905082.5836,"Costs","10-year"
-3989015621.91926,35129996266659112,187429976.969158,-3767747347.16586,-3729096396.67695,-3719433659.05472,-3724265027.86583,-3720399932.81694,"Net Revenue","10-year"
36929892062.9552,0,0,36929892062.9552,36929892062.9552,36929892062.9552,36929892062.9552,36929892062.9552,"Returns","10-year"
