"expected_value","variance","sd","var_95","var_99","tvar_99","var_995","var_999","category","horizon"
28504638466.1973,19663499160035964,140226599.331354,28737764277.5176,28831181289.0112,28875423928.5644,28859785325.0258,28931032134.7101,"Costs","10-year"
-3993666549.20325,19663499160035956,140226599.331354,-3760540737.88295,-3667123726.3894,-3622881086.83617,-3638519690.37474,-3567272880.69044,"Net Revenue","10-year"
36929892062.9552,0,0,36929892062.9552,36929892062.9552,36929892062.9552,36929892062.9552,36929892062.9552,"Returns","10-year"
