"expected_value","variance","sd","var_95","var_99","tvar_99","var_995","var_999","category","horizon"
22106425275.0659,23390816228898832,152940564.367008,22296457255.5593,22328963866.3381,22337090519.0328,22333027192.6855,22336277853.7634,"Costs","10-year (PV)"
28649644058.4859,0,0,28649644058.4859,28649644058.4859,28649644058.4859,28649644058.4859,28649644058.4859,"Returns","10-year (PV)"
3105261496.40172,23390816228898832,152940564.367008,3344020154.76235,3345265912.34529,3345577351.74103,3345421632.04316,3345546207.80145,"Net Revenue","10-year (PV)"
