"simulated_mean_loss","model_expected_loss","difference","relative_error_vs_historical"
2652217517.65668,2650772898.99999,1444618.65668631,0.000544980166811451
