"expected_value","variance","sd","var_95","var_99","tvar_99","var_995","var_999","category","horizon"
65416798941.7058,101494944316416784,318582711.89193,65947597836.6024,66144332961.2422,66243486751.7606,66221237074.7453,66365310358.494,"Costs","10-year (PV)"
84751539703.2006,0,0,84751539703.2006,84751539703.2006,84751539703.2006,84751539703.2006,84751539703.2006,"Returns","10-year (PV)"
9164555997.11075,101494944316416784,318582711.89193,9691729041.49742,9919735386.97563,10017955144.8358,9981747757.77064,10161779308.2197,"Net Revenue","10-year (PV)"
