"scenario","expected_value","variance","sd","var_95","var_99","tvar_99","var_995","var_999","category"
"Baseline",2651409510.46028,3036822928939832,55107376.3568892,2727896394.3328,2737110575.74271,2739414121.09519,2738262348.41895,2739183766.55994,"Costs"
"Catastrophic",11375304155.8785,38046328226949192,195054680.094965,11712381276.6403,11767523938.7355,11781309604.2593,11774416771.4974,11779931037.7069,"Costs"
"Frequency Stress",9500220429.18077,21037096803029620,145041707.115676,9741378628.39174,9787489430.78588,9799017131.38441,9793253281.08515,9797864361.32456,"Costs"
"Severity Stress",9376681021.60395,14227571344538598,119279383.56874,9571040406.07566,9628077519.2925,9642336797.59671,9635207158.44461,9640910869.76629,"Costs"
"Baseline",372435129.88046,3036822928939832,55107376.3568892,431858181.714872,435797546.104497,436782387.201904,436289966.653201,436683903.092163,"Net Revenue"
"Catastrophic",-821494527.11544,4347664447265172,65936821.6345402,-755995483.156133,-751803523.715393,-750755533.855208,-751279528.7853,-750860332.841226,"Net Revenue"
"Frequency Stress",-187636056.368145,2403970162340716,49030298.4117037,-138549291.877391,-134507943.092076,-133497605.895748,-134002774.493912,-133598639.615381,"Net Revenue"
"Severity Stress",-145874454.553396,1625825907209744,40321531.5583342,-106437056.615832,-103798753.027837,-103139177.130838,-103468965.079338,-103205134.720538,"Net Revenue"
"Baseline",3436187091.2963,0,0,3436187091.2963,3436187091.2963,3436187091.2963,3436187091.2963,3436187091.2963,"Returns"
