"scenario","expected_value","variance","sd","var_95","var_99","tvar_99","var_995","var_999","category"
"Baseline",2652217517.65668,1685700736932904,41057286.0395436,2720695645.90289,2747419061.53042,2760838550.61817,2756967562.98037,2776498794.60371,"Costs"
"Catastrophic",11429720405.4318,33307288495729576,182502845.171602,11731451328.839,11857626924.9474,11921534619.0319,11909667385.3622,11998180856.46,"Costs"
"Frequency Stress",9524659340.88271,23233129999867168,152424177.871712,9776464167.37545,9886077056.2478,9939631165.54669,9925747440.32439,10008192242.5535,"Costs"
"Severity Stress",9416538105.13483,20781621958067364,144158322.541806,9655694038.13203,9761112071.35707,9807557120.43765,9788014838.55667,9871726900.50725,"Costs"
"Baseline",440350864.509979,1685700736932904,41057286.0395436,506924295.509308,534400560.913566,545917819.75066,543664579.71794,558083347.553532,"Net Revenue"
"Catastrophic",-771165804.261037,3806120610743189,61693764.763898,-669858057.08629,-627536542.52575,-609541988.341321,-614676067.478303,-585728868.345635,"Net Revenue"
"Frequency Stress",-127173711.608204,2654917254999837,51525889.1723359,-43503353.3655594,-7719897.4368575,7433582.38029168,6133917.91780373,23820133.5828527,"Net Revenue"
"Severity Stress",-90624111.0913507,2374776309678131,48731676.655725,-11751568.6244398,22443933.195379,38025067.5087442,34552261.4065054,56318067.6161418,"Net Revenue"
"Baseline",4417954831.66665,0,0,4417954831.66665,4417954831.66665,4417954831.66665,4417954831.66665,4417954831.66665,"Returns"
