"scenario","expected_value","variance","sd","var_95","var_99","tvar_99","var_995","var_999","category"
"Baseline",7845804917.86675,14751534831557792,121455896.652068,8048377305.60783,8127430665.43102,8167128274.23537,8155677096.6289,8213454496.89951,"Costs"
"Catastrophic",11429720405.4318,33307288495729740,182502845.171602,11731451328.839,11857626924.9474,11921534619.0319,11909667385.3621,11998180856.4599,"Costs"
"Frequency Stress",9524659340.8827,23233129999867236,152424177.871712,9776464167.37545,9886077056.24779,9939631165.54668,9925747440.32439,10008192242.5535,"Costs"
"Severity Stress",9416538105.13483,20781621958067416,144158322.541806,9655694038.13204,9761112071.35709,9807557120.43765,9788014838.55667,9871726900.50721,"Costs"
"Baseline",1099349464.12078,14751534831557792,121455896.652068,1296287365.65282,1377567809.95962,1411638230.43711,1404972682.98023,1447626363.84956,"Net Revenue"
"Catastrophic",-2484566023.4443,33307288495729740,182502845.171602,-2184876870.60898,-2059681125.96881,-2006449533.62197,-2021637195.67215,-1936005426.85919,"Net Revenue"
"Frequency Stress",-579504958.895163,23233129999867236,152424177.871712,-331990830.12951,-226136007.651785,-181308897.627616,-185153572.419013,-132834108.830658,"Net Revenue"
"Severity Stress",-471383723.147291,20781621958067416,144158322.541806,-238062520.247497,-136905192.629837,-90812992.647046,-101086267.374461,-36698535.8765354,"Net Revenue"
"Baseline",10164948161.3495,0,0,10164948161.3495,10164948161.3495,10164948161.3495,10164948161.3495,10164948161.3495,"Returns"
