"scenario","expected_value","variance","sd","var_95","var_99","tvar_99","var_995","var_999","category"
"Baseline",2652217517.65664,1685700736932857,41057286.0395431,2720695645.90285,2747419061.53038,2760838550.61814,2756967562.98033,2776498794.60367,"Costs"
"Catastrophic",3863734186.42764,3806120610743103,61693764.7638974,3965732139.35366,4008384885.60501,4029988418.64442,4025976786.26831,4055898123.9834,"Costs"
"Frequency Stress",3219742093.77482,2654917254999782,51525889.1723353,3304862891.30239,3341916734.35247,3360020313.05624,3355327020.31822,3383196888.48354,"Costs"
"Severity Stress",3183192493.25796,2374776309678068,48731676.6557243,3264037423.96766,3299673226.45361,3315373638.84844,3308767512.0224,3337065768.15656,"Costs"
"Baseline",371627122.6841,1685700736932857,41057286.0395431,438200553.683429,465676819.087697,477194077.924779,474940837.892052,489359605.727656,"Net Revenue"
"Catastrophic",-839889546.0869,3806120610743103,61693764.7638974,-738581798.912167,-696260284.351617,-678265730.167185,-683399809.304179,-654452610.171499,"Net Revenue"
"Frequency Stress",-195897453.434076,2654917254999782,51525889.1723353,-112227095.191435,-76443639.2627096,-61290159.4455811,-62589823.9080782,-44903608.2430116,"Net Revenue"
"Severity Stress",-159347852.917223,2374776309678068,48731676.6557243,-80475310.4503108,-46279808.6304877,-30698674.3171289,-34171480.4193685,-12405674.209723,"Net Revenue"
"Baseline",3436187091.2963,0,0,3436187091.2963,3436187091.2963,3436187091.2963,3436187091.2963,3436187091.2963,"Returns"
