"metric","value"
"PV premiums",230704191.160282
"PV losses",138422514.659039
"PV expenses",69211257.3480845
"PV net income",49787791.6257562
