"rank","threat","min_var99","max_var99","impact_ratio_var99"
1,"Severity",13473171205.0346,23786368943.0856,1.76546178929258
2,"Frequency",13482837777.1742,23715884875.3262,1.75896834681762
3,"Route Risk",13917517629.8016,23236590848.2852,1.66959306008196
4,"Debris Density",14229144243.0956,21188881382.8553,1.48911846143782
5,"Claims Inflation",15856007579.91,22184918657.1038,1.39914909508575
6,"Solar Radiation",14580297127.5619,19975884634.8052,1.3700601887628
7,"Catastrophe Probability",93076052576.533,124620543099.576,1.33891091907991
8,"Freq-Sev Dependence",90706347840.1427,96183200942.4463,1.06038004211079
