"expected_value","variance","sd","p95","p99","tail_mean_99","min","max"
412023157297.559,2.44266899053181e+23,494233648240.567,1399883680527.03,2317711452127.53,2858380170313.03,144498.118852574,5357185215494.3
