"expected_value","variance","sd","p95","p99","tail_mean_99","min","max"
15429116745.0357,3.92992122152953e+20,19824028908.1951,55146361782.5841,92482325523.1034,116114195248.904,63.7701676207758,269594697940.878
