"scenario","horizon","annual_technical_premium","expected_value","variance","sd","p95","p99","tail_mean_99","min","max","stream","p05","p01","downside_tail_mean_01"
"Baseline","short_term_3y",689051063635.052,1289071880382.64,1.9453026147879e+20,13947410565.3627,1312147366213.59,1321814952623.12,1326589441619.62,1220925683823.89,1350148824698.64,"costs",NA,NA,NA
"Baseline","short_term_3y",689051063635.052,2251359390240.19,1.55326211007702e+21,39411446434.7228,2316679733777.76,2344868765287.48,2358349006446.33,2098489181069.77,2415602956885.52,"returns",NA,NA,NA
"Baseline","short_term_3y",689051063635.052,962287509857.552,1.75162748959988e+21,41852449027.5048,NA,NA,NA,799448971977.182,1141714833032.01,"net_revenue",894061767983.107,865500430528.491,851128864290.996
"Baseline","long_term_10y",689051063635.052,4443282172329.09,2.31121681820633e+21,48075116413.8614,4522820711933.32,4556143767844.02,4572600881029.87,4208390088427.88,4653807358666.33,"costs",NA,NA,NA
"Baseline","long_term_10y",689051063635.052,7767014004618.92,5.55952568611293e+21,74562226939.067,7889863452213.26,7942685084969.44,7968659231736.35,7472813981408,8057732138411.55,"returns",NA,NA,NA
"Baseline","long_term_10y",689051063635.052,3323731832289.83,7.89560850421735e+21,88857236645.1791,NA,NA,NA,2957737553577.85,3689668854223.75,"net_revenue",3178514417002.51,3114519257218.43,3083311888266.58
