"expected_value","variance","sd","p95","p99","tail_mean_99","min","max"
15429116745.031,3.92992122151725e+20,19824028908.1641,55146361782.6172,92482325523.0871,116114195248.582,63.7701676211683,269594697940.809
