"expected_value","variance","sd","p95","p99","tail_mean_99","min","max"
412023157297.558,2.44266899053227e+23,494233648240.614,1399883680527.12,2317711452127.76,2858380170313.35,144498.118852182,5357185215495.04
