"metric","value"
"gamma_dispersion",1.64949280620775
"observed_mean_severity",436716.631643095
"simulated_mean_loss",15382229485.9018
"simulated_var99",15857120598.3118
"simulated_tvar99",15920024318.8906
"copula_mean_loss",15429116745.0357
"copula_var99",92482325523.1034
"copula_tvar99",116114195248.904
