"scenario","horizon","annual_technical_premium","expected_value","variance","sd","p95","p99","tail_mean_99","min","max","stream","p05","p01","downside_tail_mean_01"
"Baseline","short_term_3y",25637049143.1697,47961611106.3016,390528246162383168,624922592.136325,48993064199.9604,49442316024.4099,49638449087.3255,45115758642.8231,50736468932.7037,"costs",NA,NA,NA
"Baseline","short_term_3y",25637049143.1697,83770570054.1255,2152587058804686080,1467169744.37339,86196775752.0497,87223467816.1158,87735887281.2378,78229143500.3345,90105295094.5911,"returns",NA,NA,NA
"Baseline","short_term_3y",25637049143.1697,35808958947.8239,2547453953621193216,1596074545.1329,NA,NA,NA,29661581117.242,42186780595.0596,"net_revenue",33194154656.474,32115431887.1627,31600419153.9364
"Baseline","long_term_10y",25637049143.1697,165318144649.586,4639871676795698176,2154036136.37183,168873444561.401,170421963812.221,171098011870.611,155508819267.126,174882759702.038,"costs",NA,NA,NA
"Baseline","long_term_10y",25637049143.1697,288989924769.013,7774809102710224896,2788334467.51107,293624593480.307,295583316494.842,296545926853.463,278348152577.606,301350696316.662,"returns",NA,NA,NA
"Baseline","long_term_10y",25637049143.1697,123671780119.427,12449452413600630784,3528378156.26396,NA,NA,NA,110053507934.037,139178392148.324,"net_revenue",117906565490.313,115542213722.602,114479299070.206
