"metric","value"
"gamma_dispersion",1.64949280620721
"observed_mean_severity",436716.631643095
"simulated_mean_loss",15382229485.9018
"simulated_var99",15857120598.3118
"simulated_tvar99",15920024318.8906
"copula_mean_loss",15429116745.031
"copula_var99",92482325523.0871
"copula_tvar99",116114195248.582
