"rank","threat","min_var99","max_var99","impact_ratio_var99"
1,"Severity",360282400909.877,635785054055.612,1.76468529256485
2,"Frequency",360573425372.753,634591505585.715,1.75995084754149
3,"Route Risk",372214089990.192,621383036056.601,1.66942373426265
4,"Debris Density",380610856317.064,566487194446.278,1.48836320626223
5,"Catastrophe Probability",2283233436356.68,3234107606148.46,1.41645946255459
6,"Claims Inflation",423806008483.92,593493788997.957,1.40039021891422
7,"Solar Radiation",389852447166.143,534555933544.635,1.37117501103391
8,"Freq-Sev Dependence",2271204373487.71,2347657017527.2,1.03366171927632
