"metric","value"
"gamma_dispersion",1.43303394356971
"observed_mean_severity",8361996.55584106
"simulated_mean_loss",413430638181.031
"simulated_var99",423931983729.25
"simulated_tvar99",425463256005.724
"copula_mean_loss",412023157297.559
"copula_var99",2317711452127.53
"copula_tvar99",2858380170313.03
