"metric","value"
"poisson_aic",136886.091072169
"nb_aic",121229.228996132
"poisson_bic",137016.974675662
"nb_bic",121369.461428446
"observed_zero_rate",0.817313551774246
"predicted_zero_rate_nb",0.828304863757097
