"metric","value"
"PV premiums",3905662164.57888
"PV losses",2356110565.2788
"PV expenses",1171698649.37366
"PV net income",842872827.895684
